{"verts":[-6.243844,2.828277,15.009495,-6.243844,2.828277,15.027818,-6.261291,2.828277,15.018684,-6.008941,4.393531,14.969882,-6.008941,4.401367,15.018655,-5.996317,4.393531,14.971543,-5.996317,4.393531,14.971543,-6.008941,4.401367,15.018655,-5.984554,4.393531,14.976416,-5.984554,4.393531,14.976416,-6.008941,4.401367,15.018655,-5.974453,4.393531,14.984167,-5.974453,4.393531,14.984167,-6.008941,4.401367,15.018655,-5.966702,4.393531,14.994268,-5.966702,4.393531,14.994268,-6.008941,4.401367,15.018655,-5.96183,4.393531,15.006031,-5.96183,4.393531,15.006031,-6.008941,4.401367,15.018655,-5.960168,4.393531,15.018654,-5.960168,4.393531,15.018654,-6.008941,4.401367,15.018655,-5.96183,4.393531,15.031278,-5.96183,4.393531,15.031278,-6.008941,4.401367,15.018655,-5.966702,4.393531,15.04304,-5.966702,4.393531,15.04304,-6.008941,4.401367,15.018655,-5.974453,4.393531,15.053142,-5.974453,4.393531,15.053142,-6.008941,4.401367,15.018655,-5.984554,4.393531,15.060893,-5.984554,4.393531,15.060893,-6.008941,4.401367,15.018655,-5.996317,4.393531,15.065765,-5.996317,4.393531,15.065765,-6.008941,4.401367,15.018655,-6.008941,4.393531,15.067427,-6.008941,4.393531,15.067427,-6.008941,4.401367,15.018655,-6.021564,4.393531,15.065765,-6.021564,4.393531,15.065765,-6.008941,4.401367,15.018655,-6.033327,4.393531,15.060893,-6.033327,4.393531,15.060893,-6.008941,4.401367,15.018655,-6.043428,4.393531,15.053142,-6.043428,4.393531,15.053142,-6.008941,4.401367,15.018655,-6.051179,4.393531,15.04304,-6.051179,4.393531,15.04304,-6.008941,4.401367,15.018655,-6.056051,4.393531,15.031278,-6.056051,4.393531,15.031278,-6.008941,4.401367,15.018655,-6.057714,4.393531,15.018654,-6.057714,4.393531,15.018654,-6.008941,4.401367,15.018655,-6.056051,4.393531,15.006031,-6.056051,4.393531,15.006031,-6.008941,4.401367,15.018655,-6.051179,4.393531,14.994268,-6.051179,4.393531,14.994268,-6.008941,4.401367,15.018655,-6.043428,4.393531,14.984167,-6.043428,4.393531,14.984167,-6.008941,4.401367,15.018655,-6.033327,4.393531,14.976416,-6.033327,4.393531,14.976416,-6.008941,4.401367,15.018655,-6.021564,4.393531,14.971543,-6.021564,4.393531,14.971543,-6.008941,4.401367,15.018655,-6.008941,4.393531,14.969882,-6.018102,2.828277,15.253557,-5.999778,2.828277,15.253557,-6.008912,2.828277,15.271005,-5.99978,2.828277,14.783751,-6.018103,2.828277,14.783751,-6.008969,2.828277,14.766304,-5.774037,2.828277,15.027815,-5.774037,2.828277,15.009492,-5.75659,2.828277,15.018625],"normals":[0,-1,0,0,-1,0,0,-1,0,0.0209,0.9871,-0.1586,0.0209,0.9871,-0.1586,0.0209,0.9871,-0.1586,0.0612,0.9871,-0.1478,0.0612,0.9871,-0.1478,0.0612,0.9871,-0.1478,0.0974,0.9871,-0.1269,0.0974,0.9871,-0.1269,0.0974,0.9871,-0.1269,0.1269,0.9871,-0.0974,0.1269,0.9871,-0.0974,0.1269,0.9871,-0.0974,0.1478,0.9871,-0.0613,0.1478,0.9871,-0.0613,0.1478,0.9871,-0.0613,0.1586,0.9871,-0.0209,0.1586,0.9871,-0.0209,0.1586,0.9871,-0.0209,0.1586,0.9871,0.0209,0.1586,0.9871,0.0209,0.1586,0.9871,0.0209,0.1478,0.9871,0.0613,0.1478,0.9871,0.0613,0.1478,0.9871,0.0613,0.1269,0.9871,0.0974,0.1269,0.9871,0.0974,0.1269,0.9871,0.0974,0.0974,0.9871,0.1269,0.0974,0.9871,0.1269,0.0974,0.9871,0.1269,0.0612,0.9871,0.1478,0.0612,0.9871,0.1478,0.0612,0.9871,0.1478,0.0209,0.9871,0.1586,0.0209,0.9871,0.1586,0.0209,0.9871,0.1586,-0.0209,0.9871,0.1586,-0.0209,0.9871,0.1586,-0.0209,0.9871,0.1586,-0.0612,0.9871,0.1478,-0.0612,0.9871,0.1478,-0.0612,0.9871,0.1478,-0.0974,0.9871,0.1269,-0.0974,0.9871,0.1269,-0.0974,0.9871,0.1269,-0.1269,0.9871,0.0973,-0.1269,0.9871,0.0973,-0.1269,0.9871,0.0973,-0.1478,0.9871,0.0613,-0.1478,0.9871,0.0613,-0.1478,0.9871,0.0613,-0.1586,0.9871,0.0209,-0.1586,0.9871,0.0209,-0.1586,0.9871,0.0209,-0.1586,0.9871,-0.0209,-0.1586,0.9871,-0.0209,-0.1586,0.9871,-0.0209,-0.1478,0.9871,-0.0613,-0.1478,0.9871,-0.0613,-0.1478,0.9871,-0.0613,-0.1269,0.9871,-0.0974,-0.1269,0.9871,-0.0974,-0.1269,0.9871,-0.0974,-0.0974,0.9871,-0.1269,-0.0974,0.9871,-0.1269,-0.0974,0.9871,-0.1269,-0.0612,0.9871,-0.1478,-0.0612,0.9871,-0.1478,-0.0612,0.9871,-0.1478,-0.0209,0.9871,-0.1586,-0.0209,0.9871,-0.1586,-0.0209,0.9871,-0.1586,0,-1,0,0,-1,0,0,-1,0,0,-1,0,0,-1,0,0,-1,0,0,-1,0,0,-1,0,0,-1,0],"texcoords":[0,1,0.375,1,0.375,0.875382,0.75,0.0625,0.729167,0,0.708333,0.0625,0.708333,0.0625,0.6875,0,0.666667,0.0625,0.666667,0.0625,0.645833,0,0.625,0.0625,0.625,0.0625,0.604166,0,0.583333,0.0625,0.583333,0.0625,0.5625,0,0.541666,0.0625,0.541666,0.0625,0.520833,0,0.5,0.0625,0.5,0.0625,0.479166,0,0.458333,0.0625,0.458333,0.0625,0.437499,0,0.416666,0.0625,0.416666,0.0625,0.395833,0,0.375,0.0625,0.375,0.0625,0.354166,0,0.333333,0.0625,0.333333,0.0625,0.3125,0,0.291667,0.0625,0.291667,0.0625,0.270833,0,0.25,0.0625,0.25,0.0625,0.229167,0,0.208333,0.0625,0.208333,0.0625,0.1875,0,0.166667,0.0625,0.166667,0.0625,0.145834,0,0.125,0.0625,0.125,0.0625,0.104167,0,0.083334,0.0625,0.083334,0.0625,0.0625,0,0.041667,0.0625,0.041667,0.0625,0.020834,0,0,0.0625,1,0.0625,0.979167,0,0.958334,0.0625,0.958334,0.0625,0.9375,0,0.916667,0.0625,0.916667,0.0625,0.895834,0,0.875,0.0625,0.875,0.0625,0.854167,0,0.833333,0.0625,0.833333,0.0625,0.8125,0,0.791667,0.0625,0.791667,0.0625,0.770833,0,0.75,0.0625,0,1,0.375,1,0.375,0.875382,0,1,0.375,1,0.375,0.875382,0,1,0.375,1,0.375,0.875382],"indices":[0,1,2,3,4,5,6,7,8,9,10,11,12,13,14,15,16,17,18,19,20,21,22,23,24,25,26,27,28,29,30,31,32,33,34,35,36,37,38,39,40,41,42,43,44,45,46,47,48,49,50,51,52,53,54,55,56,57,58,59,60,61,62,63,64,65,66,67,68,69,70,71,72,73,74,75,76,77,78,79,80,81,82,83]}
